<?xml version="1.0" encoding="UTF-8"?>
<lom xmlns="http://www.imsglobal.org/xsd/imsmd_rootv1p2p1" xmlns:xsi="http://www.w3.org/2001/XMLSchema-instance" xsi:schemaLocation="http://www.imsglobal.org/xsd/imsmd_rootv1p2p1 imsmd_rootv1p2p1.xsd"><relation><resource><identifier>107470701_4#images</identifier><catalogentry><catalog>a_9f50dadd36bd4d09b6e96f6e9f2f6a3b</catalog><entry><langstring>ADSI</langstring></entry><extension><type>MediumString</type><label>NOMBRE DEL PROGRAMA DE FORMACION</label></extension></catalogentry><catalogentry><catalog>tracking_allfiles_or_allfilesrecursive</catalog><entry><langstring>allFilesInFolderAndSubfolders</langstring></entry><extension><type/></extension></catalogentry><catalogentry><catalog>a_b6f4e30b54c64a63a54b767c152ef98d</catalog><entry><langstring>TICS</langstring></entry><extension><type>ShortString</type><label>LINEA TECNOLOGICA</label></extension></catalogentry><catalogentry><catalog>a_0f75611bb3d04b2696f7427fa23b4f82</catalog><entry><langstring>228106</langstring></entry><extension><type>ShortString</type><label>CODIGO DEL PROGRAMA</label></extension></catalogentry><catalogentry><catalog>a_68df9f1d60f64844894f887859a13cf7</catalog><entry><langstring>TICS</langstring></entry><extension><type>ShortString</type><label>NOMBRE DE LA RED</label></extension></catalogentry></resource></relation><relation><resource><identifier>107470706_4#bkg.jpg</identifier><catalogentry><catalog>a_9f50dadd36bd4d09b6e96f6e9f2f6a3b</catalog><entry><langstring>ADSI</langstring></entry><extension><type>MediumString</type><label>NOMBRE DEL PROGRAMA DE FORMACION</label></extension></catalogentry><catalogentry><catalog>a_b6f4e30b54c64a63a54b767c152ef98d</catalog><entry><langstring>TICS</langstring></entry><extension><type>ShortString</type><label>LINEA TECNOLOGICA</label></extension></catalogentry><catalogentry><catalog>a_0f75611bb3d04b2696f7427fa23b4f82</catalog><entry><langstring>228106</langstring></entry><extension><type>ShortString</type><label>CODIGO DEL PROGRAMA</label></extension></catalogentry><catalogentry><catalog>a_68df9f1d60f64844894f887859a13cf7</catalog><entry><langstring>TICS</langstring></entry><extension><type>ShortString</type><label>NOMBRE DE LA RED</label></extension></catalogentry></resource></relation><relation><resource><identifier>107470705_4#cc.png</identifier><catalogentry><catalog>a_9f50dadd36bd4d09b6e96f6e9f2f6a3b</catalog><entry><langstring>ADSI</langstring></entry><extension><type>MediumString</type><label>NOMBRE DEL PROGRAMA DE FORMACION</label></extension></catalogentry><catalogentry><catalog>a_b6f4e30b54c64a63a54b767c152ef98d</catalog><entry><langstring>TICS</langstring></entry><extension><type>ShortString</type><label>LINEA TECNOLOGICA</label></extension></catalogentry><catalogentry><catalog>a_0f75611bb3d04b2696f7427fa23b4f82</catalog><entry><langstring>228106</langstring></entry><extension><type>ShortString</type><label>CODIGO DEL PROGRAMA</label></extension></catalogentry><catalogentry><catalog>a_68df9f1d60f64844894f887859a13cf7</catalog><entry><langstring>TICS</langstring></entry><extension><type>ShortString</type><label>NOMBRE DE LA RED</label></extension></catalogentry></resource></relation><relation><resource><identifier>107470702_4#cc_u.png</identifier><catalogentry><catalog>a_9f50dadd36bd4d09b6e96f6e9f2f6a3b</catalog><entry><langstring>ADSI</langstring></entry><extension><type>MediumString</type><label>NOMBRE DEL PROGRAMA DE FORMACION</label></extension></catalogentry><catalogentry><catalog>a_b6f4e30b54c64a63a54b767c152ef98d</catalog><entry><langstring>TICS</langstring></entry><extension><type>ShortString</type><label>LINEA TECNOLOGICA</label></extension></catalogentry><catalogentry><catalog>a_0f75611bb3d04b2696f7427fa23b4f82</catalog><entry><langstring>228106</langstring></entry><extension><type>ShortString</type><label>CODIGO DEL PROGRAMA</label></extension></catalogentry><catalogentry><catalog>a_68df9f1d60f64844894f887859a13cf7</catalog><entry><langstring>TICS</langstring></entry><extension><type>ShortString</type><label>NOMBRE DE LA RED</label></extension></catalogentry></resource></relation><relation><resource><identifier>107470703_4#cg.png</identifier><catalogentry><catalog>a_9f50dadd36bd4d09b6e96f6e9f2f6a3b</catalog><entry><langstring>ADSI</langstring></entry><extension><type>MediumString</type><label>NOMBRE DEL PROGRAMA DE FORMACION</label></extension></catalogentry><catalogentry><catalog>a_b6f4e30b54c64a63a54b767c152ef98d</catalog><entry><langstring>TICS</langstring></entry><extension><type>ShortString</type><label>LINEA TECNOLOGICA</label></extension></catalogentry><catalogentry><catalog>a_0f75611bb3d04b2696f7427fa23b4f82</catalog><entry><langstring>228106</langstring></entry><extension><type>ShortString</type><label>CODIGO DEL PROGRAMA</label></extension></catalogentry><catalogentry><catalog>a_68df9f1d60f64844894f887859a13cf7</catalog><entry><langstring>TICS</langstring></entry><extension><type>ShortString</type><label>NOMBRE DE LA RED</label></extension></catalogentry></resource></relation><relation><resource><identifier>107470704_4#cg_u.png</identifier><catalogentry><catalog>a_9f50dadd36bd4d09b6e96f6e9f2f6a3b</catalog><entry><langstring>ADSI</langstring></entry><extension><type>MediumString</type><label>NOMBRE DEL PROGRAMA DE FORMACION</label></extension></catalogentry><catalogentry><catalog>a_b6f4e30b54c64a63a54b767c152ef98d</catalog><entry><langstring>TICS</langstring></entry><extension><type>ShortString</type><label>LINEA TECNOLOGICA</label></extension></catalogentry><catalogentry><catalog>a_0f75611bb3d04b2696f7427fa23b4f82</catalog><entry><langstring>228106</langstring></entry><extension><type>ShortString</type><label>CODIGO DEL PROGRAMA</label></extension></catalogentry><catalogentry><catalog>a_68df9f1d60f64844894f887859a13cf7</catalog><entry><langstring>TICS</langstring></entry><extension><type>ShortString</type><label>NOMBRE DE LA RED</label></extension></catalogentry></resource></relation><relation><resource><identifier>107470599_4#indexact.html</identifier><catalogentry><catalog>a_9f50dadd36bd4d09b6e96f6e9f2f6a3b</catalog><entry><langstring>ADSI</langstring></entry><extension><type>MediumString</type><label>NOMBRE DEL PROGRAMA DE FORMACION</label></extension></catalogentry><catalogentry><catalog>a_b6f4e30b54c64a63a54b767c152ef98d</catalog><entry><langstring>TICS</langstring></entry><extension><type>ShortString</type><label>LINEA TECNOLOGICA</label></extension></catalogentry><catalogentry><catalog>a_0f75611bb3d04b2696f7427fa23b4f82</catalog><entry><langstring>228106</langstring></entry><extension><type>ShortString</type><label>CODIGO DEL PROGRAMA</label></extension></catalogentry><catalogentry><catalog>a_68df9f1d60f64844894f887859a13cf7</catalog><entry><langstring>TICS</langstring></entry><extension><type>ShortString</type><label>NOMBRE DE LA RED</label></extension></catalogentry></resource></relation></lom>
